{"homebrew_version":"1.3.5-26-gcf34901","used_options":[],"unused_options":["--with-test","--with-embedded","--with-archive-storage-engine","--with-blackhole-storage-engine","--with-local-infile","--with-debug"],"built_as_bottle":true,"poured_from_bottle":true,"installed_as_dependency":false,"installed_on_request":true,"changed_files":["bin/mysql_config","bin/mysqld_multi","bin/mysqld_safe","support-files/mysql.server","support-files/mysqld_multi.server","INSTALL_RECEIPT.json","homebrew.mxcl.mysql.plist","include/mysql/my_config.h","lib/pkgconfig/mysqlclient.pc","share/doc/mysql/INFO_BIN","share/man/man1/myisam_ftdump.1","share/man/man1/mysql.server.1","share/man/man1/mysql_config.1","share/man/man1/mysql_install_db.1","share/man/man1/mysqld_multi.1","share/man/man1/mysqld_safe.1","share/man/man1/mysqldumpslow.1","support-files/mysql-log-rotate"],"time":1513599146,"source_modified_time":1505318181,"HEAD":null,"stdlib":"libcxx","compiler":"clang","aliases":["mysql@5.7"],"runtime_dependencies":[{"full_name":"openssl","version":"1.0.2l"}],"source":{"path":"/usr/local/Homebrew/Library/Taps/homebrew/homebrew-core/Formula/mysql.rb","tap":"homebrew/core","spec":"stable","versions":{"stable":"5.7.20","devel":null,"head":null,"version_scheme":0}}}