{"homebrew_version":"1.3.2-65-gc0063bb","used_options":[],"unused_options":[],"built_as_bottle":true,"poured_from_bottle":true,"installed_as_dependency":false,"installed_on_request":true,"changed_files":["INSTALL_RECEIPT.json","lib/pkgconfig/Enginio.pc","lib/pkgconfig/Qt53DCollision.pc","lib/pkgconfig/Qt53DCore.pc","lib/pkgconfig/Qt53DInput.pc","lib/pkgconfig/Qt53DLogic.pc","lib/pkgconfig/Qt53DQuick.pc","lib/pkgconfig/Qt53DQuickRenderer.pc","lib/pkgconfig/Qt53DRenderer.pc","lib/pkgconfig/Qt5Bluetooth.pc","lib/pkgconfig/Qt5Bootstrap.pc","lib/pkgconfig/Qt5CLucene.pc","lib/pkgconfig/Qt5Concurrent.pc","lib/pkgconfig/Qt5Core.pc","lib/pkgconfig/Qt5DBus.pc","lib/pkgconfig/Qt5Declarative.pc","lib/pkgconfig/Qt5Designer.pc","lib/pkgconfig/Qt5DesignerComponents.pc","lib/pkgconfig/Qt5Gui.pc","lib/pkgconfig/Qt5Help.pc","lib/pkgconfig/Qt5Location.pc","lib/pkgconfig/Qt5MacExtras.pc","lib/pkgconfig/Qt5Multimedia.pc","lib/pkgconfig/Qt5MultimediaQuick_p.pc","lib/pkgconfig/Qt5MultimediaWidgets.pc","lib/pkgconfig/Qt5Network.pc","lib/pkgconfig/Qt5Nfc.pc","lib/pkgconfig/Qt5OpenGL.pc","lib/pkgconfig/Qt5OpenGLExtensions.pc","lib/pkgconfig/Qt5PlatformSupport.pc","lib/pkgconfig/Qt5Positioning.pc","lib/pkgconfig/Qt5PrintSupport.pc","lib/pkgconfig/Qt5Qml.pc","lib/pkgconfig/Qt5QmlDevTools.pc","lib/pkgconfig/Qt5Quick.pc","lib/pkgconfig/Qt5QuickParticles.pc","lib/pkgconfig/Qt5QuickTest.pc","lib/pkgconfig/Qt5QuickWidgets.pc","lib/pkgconfig/Qt5Script.pc","lib/pkgconfig/Qt5ScriptTools.pc","lib/pkgconfig/Qt5Sensors.pc","lib/pkgconfig/Qt5SerialPort.pc","lib/pkgconfig/Qt5Sql.pc","lib/pkgconfig/Qt5Svg.pc","lib/pkgconfig/Qt5Test.pc","lib/pkgconfig/Qt5UiTools.pc","lib/pkgconfig/Qt5WebChannel.pc","lib/pkgconfig/Qt5WebEngine.pc","lib/pkgconfig/Qt5WebEngineCore.pc","lib/pkgconfig/Qt5WebEngineWidgets.pc","lib/pkgconfig/Qt5WebKit.pc","lib/pkgconfig/Qt5WebKitWidgets.pc","lib/pkgconfig/Qt5WebSockets.pc","lib/pkgconfig/Qt5Widgets.pc","lib/pkgconfig/Qt5Xml.pc","lib/pkgconfig/Qt5XmlPatterns.pc","mkspecs/devices/linux-imx53qsb-g++/qmake.conf","mkspecs/devices/linux-tegra2-g++/qmake.conf","mkspecs/freebsd-g++/qmake.conf","mkspecs/freebsd-g++46/qmake.conf","mkspecs/freebsd-icc/qmake.conf","mkspecs/modules/qt_lib_3dcollision.pri","mkspecs/modules/qt_lib_3dcore.pri","mkspecs/modules/qt_lib_3dinput.pri","mkspecs/modules/qt_lib_3dlogic.pri","mkspecs/modules/qt_lib_3dquick.pri","mkspecs/modules/qt_lib_3dquickrenderer.pri","mkspecs/modules/qt_lib_3drenderer.pri","mkspecs/modules/qt_lib_bluetooth.pri","mkspecs/modules/qt_lib_clucene_private.pri","mkspecs/modules/qt_lib_concurrent.pri","mkspecs/modules/qt_lib_core.pri","mkspecs/modules/qt_lib_dbus.pri","mkspecs/modules/qt_lib_declarative.pri","mkspecs/modules/qt_lib_designer.pri","mkspecs/modules/qt_lib_designercomponents_private.pri","mkspecs/modules/qt_lib_enginio.pri","mkspecs/modules/qt_lib_gui.pri","mkspecs/modules/qt_lib_help.pri","mkspecs/modules/qt_lib_location.pri","mkspecs/modules/qt_lib_macextras.pri","mkspecs/modules/qt_lib_multimedia.pri","mkspecs/modules/qt_lib_multimediawidgets.pri","mkspecs/modules/qt_lib_network.pri","mkspecs/modules/qt_lib_nfc.pri","mkspecs/modules/qt_lib_opengl.pri","mkspecs/modules/qt_lib_positioning.pri","mkspecs/modules/qt_lib_printsupport.pri","mkspecs/modules/qt_lib_qml.pri","mkspecs/modules/qt_lib_qmltest.pri","mkspecs/modules/qt_lib_qtmultimediaquicktools_private.pri","mkspecs/modules/qt_lib_quick.pri","mkspecs/modules/qt_lib_quickparticles_private.pri","mkspecs/modules/qt_lib_quickwidgets.pri","mkspecs/modules/qt_lib_script.pri","mkspecs/modules/qt_lib_scripttools.pri","mkspecs/modules/qt_lib_sensors.pri","mkspecs/modules/qt_lib_serialport.pri","mkspecs/modules/qt_lib_sql.pri","mkspecs/modules/qt_lib_svg.pri","mkspecs/modules/qt_lib_testlib.pri","mkspecs/modules/qt_lib_uiplugin.pri","mkspecs/modules/qt_lib_webchannel.pri","mkspecs/modules/qt_lib_webengine.pri","mkspecs/modules/qt_lib_webenginecore.pri","mkspecs/modules/qt_lib_webenginewidgets.pri","mkspecs/modules/qt_lib_webkit.pri","mkspecs/modules/qt_lib_webkitwidgets.pri","mkspecs/modules/qt_lib_websockets.pri","mkspecs/modules/qt_lib_widgets.pri","mkspecs/modules/qt_lib_xml.pri","mkspecs/modules/qt_lib_xmlpatterns.pri","mkspecs/netbsd-g++/qmake.conf","mkspecs/openbsd-g++/qmake.conf","mkspecs/unsupported/freebsd-clang/qmake.conf"],"time":1510836684,"source_modified_time":1444711095,"HEAD":null,"stdlib":"libcxx","compiler":"clang","aliases":[],"runtime_dependencies":[],"source":{"path":"/usr/local/Homebrew/Library/Taps/homebrew/homebrew-core/Formula/qt@5.5.rb","tap":"homebrew/core","spec":"stable","versions":{"stable":"5.5.1","devel":null,"head":null,"version_scheme":0}}}